{"stats":{"minecraft:used":{"minecraft:crafting_table":1},"minecraft:picked_up":{"minecraft:oak_log":6},"minecraft:custom":{"minecraft:jump":54,"minecraft:time_since_rest":5167,"minecraft:sprint_one_cm":12894,"minecraft:play_time":5167,"minecraft:time_since_death":5167,"minecraft:walk_one_cm":17056,"minecraft:total_world_time":5167,"minecraft:interact_with_crafting_table":1,"minecraft:fall_one_cm":2837,"minecraft:fly_one_cm":13054},"minecraft:mined":{"minecraft:oak_log":6},"minecraft:crafted":{"minecraft:crafting_table":1,"minecraft:oak_planks":24}},"DataVersion":3465}