{"stats":{"minecraft:used":{"tombstone:bag_of_seeds":2,"minecraft:cooked_mutton":5,"minecraft:wooden_axe":26,"minecraft:bread":2,"minecraft:stone_pickaxe":34,"minecraft:wooden_pickaxe":6,"minecraft:dirt":6,"minecraft:crafting_table":4,"minecraft:furnace":1},"minecraft:mined":{"minecraft:birch_log":13,"minecraft:crafting_table":2,"minecraft:grass":3,"minecraft:grass_block":2,"minecraft:coal_ore":23,"minecraft:dirt":4,"minecraft:stone":14},"minecraft:custom":{"minecraft:time_since_rest":23911,"lootr:looted_stat":5,"minecraft:interact_with_furnace":5,"minecraft:sprint_one_cm":66708,"minecraft:damage_taken":385,"minecraft:walk_one_cm":90989,"minecraft:mob_kills":14,"minecraft:drop":2,"minecraft:damage_dealt":1110,"minecraft:swim_one_cm":3090,"minecraft:interact_with_crafting_table":5,"minecraft:fly_one_cm":71659,"minecraft:open_barrel":6,"minecraft:crouch_one_cm":171,"minecraft:play_time":23911,"minecraft:sneak_time":32,"minecraft:walk_under_water_one_cm":1066,"minecraft:jump":473,"minecraft:leave_game":1,"minecraft:time_since_death":23911,"minecraft:walk_on_water_one_cm":2041,"minecraft:total_world_time":23911,"minecraft:fall_one_cm":11887},"minecraft:picked_up":{"minecraft:birch_log":13,"minecraft:crafting_table":2,"minecraft:feather":3,"minecraft:chicken":2,"minecraft:leather":1,"minecraft:string":1,"skilltree:gem":2,"minecraft:dirt":6,"minecraft:cooked_mutton":3,"minecraft:beef":6,"tombstone:bag_of_seeds":1,"minecraft:black_wool":1,"minecraft:mutton":12,"minecraft:coal":23,"minecraft:white_wool":6,"minecraft:cobblestone":14,"minecraft:egg":1},"minecraft:dropped":{"minecraft:wooden_pickaxe":1,"minecraft:black_wool":1},"minecraft:killed":{"minecraft:sheep":7,"born_in_chaos_v1:mr_pumpkin":3,"minecraft:chicken":2,"minecraft:cow":2},"minecraft:crafted":{"minecraft:crafting_table":2,"minecraft:stick":8,"minecraft:wooden_pickaxe":1,"minecraft:stone_pickaxe":1,"minecraft:wooden_axe":1,"minecraft:furnace":1,"minecraft:birch_planks":52,"minecraft:air":0,"minecraft:cooked_mutton":2}},"DataVersion":3465}