{"stats":{"minecraft:used":{"minecraft:cooked_mutton":2,"minecraft:stone_sword":25,"minecraft:stone_pickaxe":14,"minecraft:oak_planks":1,"minecraft:rotten_flesh":3,"minecraft:dirt":12,"minecraft:crafting_table":1,"born_in_chaos_v1:corpse_maggot":3,"minecraft:stone_axe":74,"tombstone:gift":1,"minecraft:egg":1,"minecraft:cooked_beef":2,"minecraft:candle":2},"minecraft:mined":{"minecraft:candle":1,"minecraft:crafting_table":1,"minecraft:grass_block":8,"born_in_chaos_v1:fel_soil":1,"minecraft:sugar_cane":2,"minecraft:birch_log":1,"minecraft:fire":1,"minecraft:lilac":1,"minecraft:birch_leaves":2,"minecraft:grass":3,"minecraft:oak_log":3,"minecraft:dirt":4,"born_in_chaos_v1:infernal_evil_pumpkin_s":1,"minecraft:stone":13,"minecraft:oak_leaves":8},"minecraft:custom":{"minecraft:interact_with_furnace":1,"lootr:looted_stat":5,"minecraft:mob_kills":23,"tombstone:raider_killed":1,"minecraft:interact_with_crafting_table":3,"minecraft:open_barrel":3,"minecraft:damage_dealt_resisted":516,"minecraft:leave_game":1,"minecraft:time_since_death":5824,"minecraft:time_since_rest":4521,"minecraft:sprint_one_cm":132859,"minecraft:walk_one_cm":70111,"minecraft:damage_taken":1665,"minecraft:drop":4,"minecraft:damage_dealt":5157,"minecraft:swim_one_cm":18911,"minecraft:fly_one_cm":157286,"minecraft:crouch_one_cm":2601,"minecraft:play_time":25600,"tombstone:undead_killed":6,"minecraft:deaths":5,"minecraft:sneak_time":828,"minecraft:walk_under_water_one_cm":2424,"minecraft:jump":713,"minecraft:walk_on_water_one_cm":5103,"minecraft:total_world_time":25600,"minecraft:fall_one_cm":17093},"minecraft:picked_up":{"born_in_chaos_v1:corpse_maggot":5,"minecraft:crafting_table":1,"minecraft:cooked_beef":2,"minecraft:lilac":1,"minecraft:wooden_pickaxe":1,"minecraft:oak_log":3,"minecraft:dirt":12,"minecraft:bone":2,"minecraft:bow":1,"minecraft:candle":2,"minecraft:sugar_cane":4,"minecraft:egg":1,"born_in_chaos_v1:shattered_skull":1,"minecraft:copper_ingot":1,"minecraft:porkchop":3,"minecraft:rotten_flesh":5,"minecraft:cobblestone":16},"minecraft:dropped":{"minecraft:cooked_mutton":2,"tombstone:bag_of_seeds":1,"minecraft:wooden_pickaxe":2},"minecraft:killed":{"born_in_chaos_v1:mr_pumpkin":8,"minecraft:pig":2,"minecraft:witch":1,"born_in_chaos_v1:sir_the_headless":1,"born_in_chaos_v1:decrepit_skeleton":1,"born_in_chaos_v1:maggot":2,"minecraft:skeleton":1,"minecraft:zombie":3,"born_in_chaos_v1:corpse_fly":3,"minecraft:drowned":1},"minecraft:broken":{"minecraft:stone_axe":1},"minecraft:killed_by":{"born_in_chaos_v1:mr_pumpkin":1,"born_in_chaos_v1:pumpkinhead":1,"born_in_chaos_v1:siamese_skeletons":1,"born_in_chaos_v1:corpse_fly":1,"born_in_chaos_v1:sir_pumpkinhead_without_horse":1},"minecraft:crafted":{"minecraft:oak_planks":12,"minecraft:crafting_table":1,"minecraft:wooden_pickaxe":1,"minecraft:furnace":1,"minecraft:stone_axe":1,"minecraft:cooked_mutton":4,"minecraft:air":0,"minecraft:stick":8,"minecraft:stone_pickaxe":1,"minecraft:stone_sword":1}},"DataVersion":3465}