{"stats":{"minecraft:picked_up":{"minecraft:oak_log":3,"minecraft:dirt":5,"minecraft:book":3},"minecraft:custom":{"minecraft:jump":53,"minecraft:time_since_rest":5442,"minecraft:crouch_one_cm":233,"minecraft:sprint_one_cm":8686,"minecraft:play_time":5442,"minecraft:damage_taken":10,"minecraft:time_since_death":5442,"minecraft:walk_one_cm":11313,"minecraft:climb_one_cm":429,"minecraft:sneak_time":194,"minecraft:total_world_time":5442,"minecraft:interact_with_lectern":1,"minecraft:fall_one_cm":1579,"minecraft:fly_one_cm":9381},"minecraft:mined":{"minecraft:bookshelf":2,"minecraft:grass":1,"minecraft:oak_log":3,"minecraft:grass_block":5},"minecraft:crafted":{"minecraft:crafting_table":1,"minecraft:oak_planks":12,"minecraft:stick":4}},"DataVersion":3465}