{"stats":{"minecraft:crafted":{"minecraft:oak_planks":48,"sophisticatedbackpacks:backpack":1,"minecraft:white_wool":3,"minecraft:crafting_table":2,"minecraft:stick":8,"comforts:sleeping_bag_white":1,"minecraft:wooden_pickaxe":1,"minecraft:stone_pickaxe":1,"minecraft:stone_sword":1,"minecraft:chest":1,"sophisticatedbackpacks:iron_backpack":1},"minecraft:custom":{"minecraft:time_since_rest":4506,"lootr:looted_stat":16,"minecraft:sprint_one_cm":40136,"minecraft:walk_one_cm":43855,"minecraft:damage_taken":223,"minecraft:mob_kills":8,"minecraft:drop":4,"minecraft:damage_dealt":1555,"minecraft:interact_with_crafting_table":5,"minecraft:fly_one_cm":52587,"minecraft:open_barrel":3,"minecraft:open_chest":3,"minecraft:crouch_one_cm":448,"minecraft:play_time":16956,"tombstone:undead_killed":2,"minecraft:sneak_time":158,"minecraft:walk_under_water_one_cm":219,"minecraft:jump":267,"minecraft:walk_on_water_one_cm":565,"minecraft:time_since_death":16956,"minecraft:sleep_in_bed":1,"minecraft:total_world_time":16956,"minecraft:climb_one_cm":1064,"minecraft:fall_one_cm":10717},"minecraft:used":{"minecraft:stone_sword":14,"minecraft:flint_and_steel":1,"minecraft:iron_axe":37,"minecraft:stone_pickaxe":18,"minecraft:oak_planks":20,"minecraft:ladder":1,"minecraft:iron_helmet":1,"minecraft:wooden_pickaxe":23,"minecraft:gravel":1,"minecraft:dirt":5,"graveyard:upper_bone_staff":1,"minecraft:golden_carrot":3,"minecraft:crafting_table":3,"comforts:sleeping_bag_white":1,"minecraft:golden_chestplate":1,"minecraft:cobweb":3},"minecraft:killed":{"minecraft:spider":2,"minecraft:cow":4,"born_in_chaos_v1:decrepit_skeleton":2},"minecraft:picked_up":{"minecraft:crafting_table":2,"born_in_chaos_v1:shattered_skull":1,"minecraft:ladder":1,"minecraft:leather":3,"minecraft:gravel":1,"minecraft:oak_log":31,"tombstone:grave_dust":2,"minecraft:dirt":5,"minecraft:spider_eye":1,"minecraft:string":6,"graveyard:upper_bone_staff":2,"minecraft:bone":2,"minecraft:oak_sign":10,"minecraft:rotten_flesh":4,"comforts:sleeping_bag_white":1,"minecraft:beef":8,"minecraft:cobblestone":35},"minecraft:mined":{"graveyard:upper_bone_staff":2,"minecraft:crafting_table":2,"minecraft:ladder":1,"minecraft:grass_block":1,"minecraft:oak_log":31,"minecraft:gravel":1,"minecraft:dirt":4,"minecraft:cobweb":3,"minecraft:stone":35,"minecraft:oak_leaves":3,"minecraft:tripwire":1},"minecraft:dropped":{"minecraft:rotten_flesh":4,"minecraft:spider_eye":1,"minecraft:wooden_pickaxe":1}},"DataVersion":3465}