{"stats":{"minecraft:mined":{"minecraft:birch_log":1,"minecraft:grass":2,"born_in_chaos_v1:gnawed_bones":3},"minecraft:used":{"minecraft:birch_log":1,"born_in_chaos_v1:gnawed_bones":2},"minecraft:custom":{"minecraft:jump":20,"minecraft:leave_game":2,"minecraft:play_time":2108,"minecraft:sprint_one_cm":4901,"minecraft:time_since_death":2108,"minecraft:walk_one_cm":3682,"minecraft:total_world_time":2108,"minecraft:fall_one_cm":209,"minecraft:fly_one_cm":3971,"minecraft:time_since_rest":2108},"minecraft:picked_up":{"minecraft:birch_log":1,"born_in_chaos_v1:gnawed_bones":3}},"DataVersion":3465}