{"stats":{"minecraft:used":{"minecraft:crafting_table":1,"minecraft:birch_log":1,"minecraft:wooden_pickaxe":7,"born_in_chaos_v1:gnawed_bones":2},"minecraft:dropped":{"minecraft:deepslate_brick_stairs":1,"minecraft:wooden_pickaxe":1},"minecraft:picked_up":{"minecraft:birch_log":1,"minecraft:cobbled_deepslate":1,"minecraft:oak_log":5,"born_in_chaos_v1:gnawed_bones":3,"minecraft:deepslate_brick_stairs":1,"minecraft:dark_oak_log":5},"minecraft:custom":{"minecraft:time_since_rest":7298,"minecraft:sprint_one_cm":17086,"minecraft:play_time":7298,"minecraft:walk_one_cm":12838,"minecraft:drop":2,"minecraft:jump":76,"minecraft:damage_dealt":10,"minecraft:leave_game":2,"minecraft:time_since_death":7298,"minecraft:total_world_time":7298,"minecraft:interact_with_crafting_table":4,"minecraft:fall_one_cm":2090,"minecraft:fly_one_cm":16589},"minecraft:mined":{"minecraft:grass":2,"minecraft:oak_log":5,"minecraft:deepslate_brick_stairs":1,"minecraft:birch_log":1,"minecraft:cobbled_deepslate":1,"minecraft:dark_oak_log":5,"born_in_chaos_v1:gnawed_bones":3},"minecraft:crafted":{"immersive_melodies:piano":1,"minecraft:oak_planks":20,"minecraft:note_block":3,"minecraft:dark_oak_planks":20,"minecraft:crafting_table":1,"minecraft:stick":8,"minecraft:wooden_pickaxe":2}},"DataVersion":3465}