{"stats":{"minecraft:used":{"minecraft:cooked_mutton":2,"minecraft:stone_sword":19,"minecraft:stone_pickaxe":34,"minecraft:wooden_pickaxe":16,"minecraft:cooked_chicken":3,"minecraft:dirt":4,"minecraft:crafting_table":4,"born_in_chaos_v1:holiday_candy":2,"born_in_chaos_v1:soul_cutlass":61,"minecraft:bread":2,"born_in_chaos_v1:pumpkin_staff":1,"minecraft:birch_sapling":1,"minecraft:stone_axe":71,"minecraft:cobblestone":2,"minecraft:furnace":1,"tombstone:gift":2,"minecraft:egg":1,"minecraft:cooked_beef":6},"minecraft:mined":{"minecraft:crafting_table":3,"minecraft:grass_block":2,"minecraft:spawner":3,"minecraft:furnace":1,"minecraft:birch_log":17,"minecraft:birch_leaves":6,"minecraft:coal_ore":8,"minecraft:dirt":9,"minecraft:cobweb":4,"minecraft:stone":36},"minecraft:custom":{"lootr:looted_stat":5,"minecraft:interact_with_furnace":9,"minecraft:mob_kills":61,"minecraft:interact_with_crafting_table":5,"minecraft:damage_dealt_resisted":867,"minecraft:time_since_death":30833,"minecraft:time_since_rest":30833,"minecraft:sprint_one_cm":85886,"minecraft:damage_taken":995,"minecraft:walk_one_cm":97311,"minecraft:drop":11,"minecraft:damage_dealt":9605,"minecraft:swim_one_cm":11683,"minecraft:fly_one_cm":62460,"minecraft:crouch_one_cm":1503,"minecraft:play_time":30833,"tombstone:undead_killed":11,"minecraft:sneak_time":697,"minecraft:walk_under_water_one_cm":8382,"minecraft:jump":438,"minecraft:walk_on_water_one_cm":4796,"minecraft:total_world_time":30833,"minecraft:fall_one_cm":8959},"minecraft:picked_up":{"born_in_chaos_v1:fused_bone":3,"minecraft:birch_log":17,"born_in_chaos_v1:corpse_maggot":17,"minecraft:crafting_table":3,"minecraft:feather":7,"minecraft:cooked_beef":2,"minecraft:chicken":5,"born_in_chaos_v1:pumpkin_staff":1,"minecraft:leather":3,"born_in_chaos_v1:bloody_gadfly_eye":1,"minecraft:string":5,"born_in_chaos_v1:holiday_candy":16,"skilltree:gem":1,"minecraft:dirt":11,"minecraft:cooked_mutton":2,"minecraft:bone":2,"born_in_chaos_v1:soul_cutlass":1,"minecraft:beef":14,"minecraft:glass_bottle":1,"minecraft:birch_sapling":1,"minecraft:egg":1,"minecraft:furnace":1,"minecraft:stick":3,"minecraft:porkchop":6,"tombstone:grave_dust":1,"born_in_chaos_v1:pieceofdarkmetal":1,"minecraft:pumpkin_seeds":24,"minecraft:rotten_flesh":12,"minecraft:mutton":3,"minecraft:coal":8,"minecraft:white_wool":2,"minecraft:cobblestone":33},"minecraft:dropped":{"minecraft:cooked_beef":4,"minecraft:stone_sword":1,"born_in_chaos_v1:holiday_candy":14,"minecraft:rotten_flesh":8,"minecraft:cooked_mutton":3,"minecraft:wooden_pickaxe":1},"minecraft:killed":{"born_in_chaos_v1:felsteed":1,"born_in_chaos_v1:mr_pumpkin":13,"minecraft:pig":3,"graveyard:ghoul":1,"born_in_chaos_v1:swarmer":1,"born_in_chaos_v1:door_knight_not_despawn":1,"minecraft:spider":2,"born_in_chaos_v1:siamese_skeletonsright":1,"born_in_chaos_v1:decrepit_skeleton":1,"born_in_chaos_v1:maggot":7,"born_in_chaos_v1:pumpkinhead":1,"minecraft:sheep":2,"minecraft:skeleton":1,"born_in_chaos_v1:bloody_gadfly":1,"minecraft:zombie":2,"minecraft:chicken":4,"born_in_chaos_v1:corpse_fly":8,"minecraft:drowned":1,"born_in_chaos_v1:decaying_zombie_not_despawn":1,"born_in_chaos_v1:siamese_skeletonsleft":1,"minecraft:cow":8},"minecraft:broken":{"minecraft:stone_axe":1},"minecraft:crafted":{"minecraft:cooked_beef":8,"minecraft:crafting_table":1,"minecraft:wooden_pickaxe":1,"minecraft:cooked_chicken":3,"minecraft:furnace":1,"minecraft:birch_planks":48,"minecraft:stone_axe":1,"minecraft:cooked_mutton":3,"minecraft:air":0,"minecraft:charcoal":1,"minecraft:stick":8,"minecraft:stone_pickaxe":1,"minecraft:stone_sword":1}},"DataVersion":3465}